ticker,mae,rmse,r2,dpa,long_ret_mean,short_ret_mean,edge_score,status
A,1.4324025190081113,1.961912020213169,-0.08992084706901982,51.905252317198766,0.02686525019772574,-0.007775448144107043,0.03464069834183278,success
AAPL,1.232894765160614,1.7889441753712412,-0.0028337894226160287,53.244078269824925,0.07316800525494124,0.004962855962280989,0.06820514929266025,success
ABBV,1.1333461892120877,1.648746036576272,-0.0019542702793673428,50.208333333333336,0.1855033471209363,0.05490605337229167,0.13059729374864462,success
ABNB,1.3499261026765883,1.8339259845674736,-0.02522487117417538,45.55555555555556,-0.19777426915277133,0.18310489253474044,-0.3808791616875118,success
ABT,1.0023320748520708,1.3914886543507214,-0.007032106619042189,47.78578784757981,-0.008063224803886283,0.02239845483158495,-0.03046167963547123,success
ACN,1.2368264725015845,1.7495686566163076,-0.0017914323399939036,50.21929824561403,-0.008120872831245697,-0.158831578424836,0.15071070559359032,success
ADBE,1.5423606528031704,2.253161638130667,-0.0013109012333911707,49.22760041194645,-0.014516323958271363,-0.05437729781427389,0.03986097385600253,success
ADI,1.5110768825920013,2.1119690123584705,-0.017022334905321568,52.21421215242018,0.17041257552456882,0.028651764151705495,0.1417608113728633,success
ADP,0.9520600086555182,1.3603011121558826,-0.009836040619913167,51.905252317198766,0.010839525440016132,0.0,0.010839525440016132,success
AEE,0.9243935091694558,1.2439548604002066,0.002009731337777265,53.96498455200825,0.05472932329489256,-0.17959008108388191,0.23431940437877447,success
AEM,1.789486732385345,2.3624599725218336,-0.0607982437694321,47.167868177136974,0.4254908997605023,0.14053806031206179,0.2849528394484405,success
AEP,0.9703860240176699,1.3138429663220301,-0.01778848307241887,52.42018537590113,0.07091011927477243,0.035373380691111046,0.03553673858366139,success
AFL,0.940419721671402,1.3331460739525876,-0.005929781649303356,54.685890834191554,0.07501511582822683,0.0,0.07501511582822683,success
AIG,1.151859981508896,1.6261973103816232,-0.003224169131519572,52.21421215242018,0.04243432483151841,0.1498423755579825,-0.10740805072646409,success
AJG,1.0409997322249267,1.4468066007906728,-0.00374458035636982,54.58290422245108,0.03885331311788257,0.0,0.03885331311788257,success
ALB,2.629960249739865,3.5129313831394735,0.0008554040778817606,50.05149330587023,0.09122124273201537,-0.061644514533640705,0.15286575726565607,success
ALGN,2.0405376406115865,3.185603785367768,0.0015259094304342913,50.26852846401718,0.06115788448697908,-0.365243517578028,0.42640140206500704,success
ALL,1.2026094924208086,1.657604827840551,-0.0003188941872351858,51.8022657054583,0.06536277388294714,0.0,0.06536277388294714,success
ALNY,1.7211754009134377,2.683675612611466,-0.003192789666441209,49.93788819875776,0.07600822045251389,0.07199209375184346,0.004016126700670433,success
ALRM,1.3298875357077564,1.846871228856514,0.005948033272885289,49.09560723514212,0.08406743763581738,-0.1615514236804881,0.2456188613163055,success
AMAT,2.005319548313596,2.7348245077366764,-0.00025123055929032745,51.59629248197734,0.16675534672134631,-0.589931022593948,0.7566863693152943,success
AMCR,1.1894602473423967,1.687918935498961,-0.17190548808798134,50.66079295154186,0.018861966895573835,0.016815597269342314,0.0020463696262315208,success
AMD,2.446797385876711,3.432882721408038,-0.0027232335875513325,49.94850669412976,0.13696976084524146,-0.10156483599409831,0.23853459683933975,success
AMGN,1.0980482555547446,1.5624682316162561,-0.010973468180669022,49.53656024716786,0.10928131956105305,0.04656132247479896,0.06271999708625409,success
AMT,1.2821051576341378,1.7230451289257975,-0.00456162884584832,51.18434603501545,0.0003467019833719029,-0.05644195552674503,0.056788657510116934,success
AMZN,1.6533361158944055,2.304126068202219,-0.014277862582577017,53.75901132852729,0.09093374808122628,-0.1281212388356915,0.21905498691691777,success
ANAB,3.3700166751827556,5.13376483421349,-0.026021457540309045,51.07033639143731,0.5855135461771417,0.11829923904829291,0.46721430712884876,success
AON,1.0084241669082428,1.445556064562211,-0.02952034793007563,52.31719876416066,0.016021767043409317,0.0,0.016021767043409317,success
APD,1.154770080831254,1.7222803110955902,0.0003085966860474354,50.9783728115345,0.03658628233718979,0.0,0.03658628233718979,success
APLS,2.578491656656838,3.9419925847713624,-0.006469209530367559,51.178451178451176,-0.7810183269761823,-0.0176760394535622,-0.7633422875226201,success
APPF,1.7651168150853653,2.6665571442429528,-0.016760839298717745,48.57881136950905,-0.08496936998449031,0.09240736534814173,-0.17737673533263204,success
APRE,,,,,,,,skipped_volatile
APTV,1.6761044539398215,2.360652407424177,0.0010272212084238008,51.34099616858238,0.5882480012343471,-0.06218112404966649,0.6504291252840135,success
ARE,1.5277551315205775,2.1393895413492294,-0.005429671690222904,48.81565396498455,-0.094115344079515,0.0,-0.094115344079515,success
ARQT,2.572707680240599,3.7170708234816754,-0.04976350496226778,48.13084112149533,0.13047359986681517,0.42326501854513704,-0.29279141867832187,success
ARVN,2.997367121115676,4.218523608698577,-0.074851679029315,52.27272727272727,0.2424297494217066,0.0,0.2424297494217066,success
ARWR,,,,,,,,skipped_volatile
ASAN,,,,,,,,skipped_volatile
ASML,1.9374454310992908,2.656816222621018,-0.002348396514338269,51.3903192584964,0.16749290441966788,0.030654539789559312,0.13683836463010857,success
AU,2.28844491833423,3.081561521504411,-0.012852893222375927,48.6096807415036,0.22752944471206732,0.23234426912839323,-0.0048148244163259135,success
AVB,1.0800949084772575,1.4396892907847252,-0.0057139407591397795,50.46343975283213,-0.009042718303247129,0.0,-0.009042718303247129,success
AVGO,2.1548216573659107,3.1912680221825354,-0.0020837266399558185,54.75409836065573,0.3089268726535271,-0.25774638155996793,0.566673254213495,success
AWK,1.0607716259826665,1.4233507550238078,-0.009181936093653364,51.82370820668692,0.020751129832881736,-0.013830306235627168,0.0345814360685089,success
AXP,1.300631241074295,1.8407817389196457,-0.004234496755997297,50.15447991761071,0.07750039249006745,0.0727726344561911,0.004727758033876345,success
AZO,1.1022724595148325,1.4965233895925858,-0.007073160015043323,53.3470648815654,0.06970290267390883,0.19423155427884786,-0.12452865160493903,success
BA,1.6037280354879047,2.2949660778079153,-0.0009177141615639428,51.905252317198766,0.050388276273966234,0.048682404657575014,0.0017058716163912205,success
BAC,1.2185500316787743,1.6974118903549624,-0.0029248156796257696,52.00823892893924,0.07783462411555962,0.03699816023104465,0.04083646388451497,success
BAX,1.4482965924445823,2.2354454627981286,0.0008810422573963805,52.00823892893924,0.07273817985993676,-0.16541721241595703,0.23815539227589377,success
BBY,1.6299766587148798,2.346216605585202,-0.005430255766096792,50.77239958805355,0.021051348575697064,-0.008357579277831761,0.029408927853528825,success
BDX,1.020015192032983,1.5063642926328509,-0.00030997392541709523,51.081359423274975,0.01750350476327153,-0.05124902777364666,0.0687525325369182,success
BEAM,,,,,,,,skipped_volatile
BIIB,1.3946375791323589,2.213336923308336,-0.006136854945486103,48.6096807415036,0.009377381747210761,0.013846806593548774,-0.004469424846338013,success
BK,1.1158641723994163,1.5270107692074777,-0.018999215248919343,48.6096807415036,0.1005466966471002,0.1357750264331742,-0.035228329786074014,success
BKNG,1.4257009878789453,1.941918295843333,-0.011697903703425938,47.37384140061792,0.29495352149343146,0.042017137393682284,0.25293638409974917,success
BKR,1.5709841146624732,2.1558468634472394,-0.022540177323489674,48.094747682801234,-0.0286197027935805,0.110813783893808,-0.1394334866873885,success
BL,1.7041422752304631,2.5156211382856366,-0.03030727607097017,54.166666666666664,-0.052753260578169495,-0.1801069157021978,0.1273536551240283,success
BLK,1.189694839347314,1.6881288406242458,0.004382959882652915,52.42018537590113,0.06920124849738764,0.0,0.06920124849738764,success
BLKB,1.3136356720116407,1.9648320681808138,-8.287496793957239e-05,51.37500000000001,0.06772599453852078,-0.0715373858638996,0.13926338040242037,success
BMRN,1.3855203613560247,2.0453266732495896,0.0027816217010396826,51.493305870236874,0.048044735439636346,-0.09955612584394972,0.14760086128358607,success
BMY,1.1103385555880672,1.577432066731347,-0.00018459569198236991,49.22760041194645,0.028372132834492005,-0.030218582297008603,0.058590715131500604,success
BOLD,1.7639557161594335,2.597121026697004,0.03330798240669153,50.877192982456144,0.5357652737737149,-0.330634511553339,0.8663997853270539,success
BRK-A,0.8318844180214505,1.1268609057598147,-0.02087266735330018,51.59629248197734,0.042326105933487276,0.03564415738216518,0.006681948551322099,success
BRK-B,0.8196797820914576,1.1232564755360337,-0.021101932177724825,52.111225540679705,0.09418572963015447,0.0034212651641724674,0.09076446446598199,success
BRO,1.0752303312700238,1.558289023837119,-0.009827186060026749,53.14109165808445,0.016598587479355466,0.0,0.016598587479355466,success
BSX,1.041168176185433,1.5211732981194053,-0.022104443877140945,47.78578784757981,0.22883510732859508,0.03406887312089162,0.19476623420770345,success
BWA,1.5338013965675978,2.1568240797392906,-0.02160227176647167,46.34397528321318,0.3159477670321577,0.07283740362823621,0.2431103634039215,success
C,1.3469122435534586,1.8900976569608874,0.0003913356441177518,52.72914521112255,0.11338872396457851,0.2669158525411275,-0.153527128576549,success
CAG,1.0677614197730505,1.4482230988945188,-0.002345294743605786,51.3903192584964,0.013535024860544809,-0.044688730474950235,0.058223755335495044,success
CARR,1.4829983896152394,2.037055191818778,-0.019000613498721952,48.32535885167464,0.09048007239284954,-0.12446705017206085,0.2149471225649104,success
CAT,1.3876301549381993,1.9230170233975603,0.0005647663953115556,53.656024716786824,0.1541740836151828,-0.07732813872636095,0.23150222234154377,success
CB,0.9280763269110746,1.2704588257166638,-0.002296878445327666,53.55303810504635,0.06332284023226159,0.0,0.06332284023226159,success
CDNS,1.599195990906531,2.2530710317353284,-1.564778846807613e-05,51.59629248197734,0.09797092122232952,0.0,0.09797092122232952,success
CFG,1.4840257964096168,2.135681649069003,-0.09735185233731491,46.875,0.2906376934244559,0.15439870053553367,0.13623899288892222,success
CFLT,,,,,,,,skipped_volatile
CGON,3.2833322014437596,4.883435896767948,-0.12704435143231008,46.03174603174603,0.4979272893567759,0.0,0.4979272893567759,success
CHD,0.9500973534788774,1.3262977543813326,-0.02701930236088068,51.493305870236874,0.03535881888445027,-0.03431452555477027,0.06967334443922055,success
CHRW,1.3043953544453226,2.0728401256699716,-0.0009510570008353092,48.81565396498455,0.059674528057991304,0.18213190542197188,-0.12245737736398057,success
CHTR,1.7153001253358557,2.527414579107598,-0.010876494867060105,53.70370370370371,0.16970161160234984,-0.30061165503235576,0.47031326663470563,success
CHWY,2.0601567044085796,2.8068755510361005,-0.041774013606572735,45.378151260504204,-0.061918107193207166,0.041441475330350475,-0.10335958252355765,success
CI,1.20869305834233,1.8192988797117018,-0.0059997447607695875,46.96189495365603,0.0,0.035291568765245855,-0.035291568765245855,success
CINF,1.1544806567805308,1.6433493743095022,-0.0027413458247858014,52.62615859938208,0.043404680937608506,0.216536953981189,-0.17313227304358048,success
CL,0.9051237765456039,1.1961733726511687,-0.03862331607770941,47.78578784757981,0.10395308345915047,0.03325726264018761,0.07069582081896286,success
CLF,2.637539448423841,3.74431724955196,-0.005411157794869448,50.05149330587023,-0.06256139293387614,0.21658470596799811,-0.27914609890187425,success
CLX,1.1079356117723063,1.525207258864448,-0.0016521252456007662,51.493305870236874,0.011560037976850535,0.0,0.011560037976850535,success
CMA,1.7956660011535908,2.69314053361134,-0.00041751332536321684,48.65702479338843,0.029821410292733268,0.08040997089354596,-0.05058856060081269,success
CMC,1.645405727464093,2.239074098671135,-0.005607814596223504,50.05149330587023,0.0,0.08225510279523622,-0.08225510279523622,success
CMCSA,1.1967091888455632,1.6790528803113416,-0.0007809787348602715,49.63954685890834,-0.0032037578985959565,-0.04534298163731579,0.04213922373871983,success
CME,0.867183704670942,1.1448936581867597,-0.0021891796544823983,55.16840882694542,0.09030445788764913,0.0,0.09030445788764913,success
CMG,1.354036187271538,2.042014739240175,-0.008059283934089612,51.41318977119784,0.0402198502236877,0.0,0.0402198502236877,success
CMS,0.9199531618687211,1.2194611001662927,-0.008917372510347077,53.55303810504635,0.033484115455702894,-0.016510330699374322,0.04999444615507721,success
COIN,,,,,,,,skipped_volatile
COP,1.4928011321953734,2.0557214253420018,0.0016262458656340906,50.77239958805355,0.05221243014435003,0.0,0.05221243014435003,success
COST,1.0281762190626877,1.4666877813306918,-0.00633152314569041,52.9351184346035,0.07010756807995952,0.0,0.07010756807995952,success
CPB,1.1208511867167295,1.5246884973792083,-0.0023821575987161836,48.094747682801234,-0.03214247465785855,0.0,-0.03214247465785855,success
CPRT,1.1491920223510348,1.6013095500601144,0.002306479653352844,52.72914521112255,0.15186728637903585,-0.03590353259067406,0.1877708189697099,success
CPT,1.1353297696783782,1.4836689840988853,-0.02884655903349609,47.68280123583934,-0.0690077117533427,-0.009711570076669705,-0.05929614167667299,success
CRBU,,,,,,,,skipped_volatile
CRM,1.4512875079079577,2.1050538614380274,-0.005080655757523367,50.43586550435866,0.08765994690126973,0.05482708160931069,0.032832865291959036,success
CRNX,2.5146012950402885,3.6869003762257173,-0.006847519991692863,51.470588235294116,0.022143528091419062,0.08932585331476466,-0.0671823252233456,success
CROX,2.1884115727491467,3.308294924244641,-0.012488360457797887,48.852901484480434,-0.10630710301260313,0.22750057615088462,-0.33380767916348775,success
CRSP,2.9345240325950783,3.957364137729231,-0.0060879680477858855,48.6646884272997,0.18268460995200989,0.12706230109247435,0.055622308859535535,success
CRWD,2.0229712900461085,2.849173295400457,-0.0016128133781436738,52.52100840336135,1.0306791119584762,-0.08496957910874775,1.1156486910672239,success
CSCO,1.0062380567475593,1.5142249040013704,-0.0009661114905548107,53.3470648815654,0.09238545574116086,-0.8043789245572398,0.8967643802984007,success
CSX,1.0797822446973258,1.4527110668913146,-0.0011490606916209067,51.3903192584964,0.037767931891214884,0.0,0.037767931891214884,success
CVNA,,,,,,,,skipped_volatile
CVS,1.3022551610910398,1.970159521769616,-0.0004761334136662576,52.523171987641604,0.009474025401190285,0.0,0.009474025401190285,success
CVX,1.146734999352664,1.579351849335056,1.555408097841937e-05,48.30072090628219,0.24535137010194358,0.002615585961637922,0.24273578414030567,success
D,1.0846357410312935,1.4850004306863336,-0.01330860350220986,52.111225540679705,-0.008765992993656843,0.8629300601932214,-0.8716960531868783,success
DASH,1.994367962216536,2.817230873320929,-0.0615611616664451,45.30386740331492,-0.2652957094221283,-0.017036406765552,-0.2482593026565763,success
DD,1.2609819609013577,1.8757972390835347,-0.0011072427999658796,49.63954685890834,0.06777315857070315,0.46702692341418545,-0.3992537648434823,success
DDOG,2.236253633761454,3.4928358161111333,0.003273660359452535,50.66079295154186,0.3235556062047462,0.029703602824282083,0.29385200338046413,success
DE,1.2877563815858588,1.8303747369448338,-0.001874026868984524,52.72914521112255,0.08154926764769685,-0.018339073417528162,0.09988834106522501,success
DECK,1.9229683303901082,2.85836196322153,-0.02711309907007231,49.742533470648816,0.34411009930745806,0.0875566523545945,0.25655344695286353,success
DG,1.5880586384667998,2.5435139662337503,0.0005851278000401638,50.75125208681135,0.21826883160374774,-0.08067212936755237,0.29894096097130013,success
DHI,1.9020659096502246,2.5727404945835266,-0.3093285663890637,50.56642636457261,0.08568612998474057,0.5826412463743602,-0.49695511638961964,success
DHR,1.281481332257043,1.7923210081482732,0.0008910682386910063,51.59629248197734,-0.0015139446710667017,0.011431120907699599,-0.012945065578766301,success
DIS,1.309216320503252,1.913069447244737,-0.008079662886044225,49.12461380020597,-0.01957454742967608,0.21838683650326896,-0.23796138393294503,success
DLR,1.299315230838636,1.7910344063953854,-0.010669968521533457,47.08860759493671,-0.10775356344908393,0.10321465681756542,-0.21096822026664935,success
DLTR,1.6284948735125795,2.5317143730984966,-0.015149347702650307,50.360453141091654,-0.01684229355069317,0.12098965145951941,-0.1378319450102126,success
DOCU,2.1239120312774955,3.1263869794486103,-0.021720414746832173,50.0,-0.19749779099949338,-0.09635718567713059,-0.1011406053223628,success
DOV,1.1364776448484306,1.5882335045920077,-0.004574896353472191,49.94850669412976,-0.016433916134798065,0.07881743013516335,-0.09525134626996141,success
DOW,2.2491754143663707,3.2383760194011115,2.0925108520364333e-05,47.77327935222672,0.01183659731936991,-0.28070421457776773,0.29254081189713765,success
DPZ,1.2344783944951478,1.7625115482095572,0.0008883285973267929,49.56304619225968,0.03558489221375735,0.0,0.03558489221375735,success
DTE,0.9085811209137792,1.219985344699717,-0.0025814260386529675,55.509783728115345,0.026060271027851516,0.06111901150037599,-0.035058740472524476,success
DUK,0.898984200569344,1.1564148683864053,-0.009955247704217962,51.18434603501545,0.09133923011760617,0.0026317200911166153,0.08870751002648955,success
DVN,1.7808412962137001,2.487878172341124,-0.010918332292028543,49.0216271884655,-0.07467190908773601,0.02184434744543972,-0.09651625653317572,success
DXCM,1.7946696853714812,2.9423289842519713,-0.0020881869679545417,51.813471502590666,-0.000824174599518597,0.0,-0.000824174599518597,success
EBAY,1.4295815921703214,2.0770223420067775,-0.0003424844048638409,51.59629248197734,0.08814996755366596,0.05356019152024706,0.034589776033418895,success
ECL,1.0493993284003376,1.4932964400297974,-0.003848639769070905,49.94850669412976,0.12247453307389633,0.030543128301513206,0.09193140477238312,success
ED,0.9231723725563925,1.2024472235748593,0.0003023539941050535,52.832131822863026,0.04177706711415525,-0.09299925833230702,0.13477632544646226,success
EDIT,4.644359656436225,6.374391151434187,-0.006446523169534091,43.956043956043956,-0.05438996324175434,-0.40869286007011885,0.3543028968283645,success
EIX,1.2143246021554261,1.6897831302870143,-0.006180495952985643,52.111225540679705,0.028039317379707985,0.42254343199225003,-0.39450411461254203,success
ELV,1.2409080430905506,1.8517542842361967,-0.0038330241639907836,50.498338870431894,-0.01410892621005869,-0.057290925484038115,0.04318199927397942,success
EMN,1.4573339464404749,2.0759073609472236,-0.012832998913320015,50.46343975283213,0.17413090762282737,-0.018663546651722738,0.1927944542745501,success
EMR,1.210059053028323,1.7251889063344648,-0.0020241913883298768,52.9351184346035,0.07400527799432528,0.0,0.07400527799432528,success
EOG,1.454932127806942,2.0111164441583873,-0.004509289772973046,48.094747682801234,-0.08189586610584693,0.22174910546685728,-0.3036449715727042,success
EQIX,1.250806447256799,1.7637059496449499,-0.013441325466304388,52.21518987341772,0.07778485319066276,-0.11001992870372146,0.1878047818943842,success
EQR,1.0957360702724743,1.4488001617548203,0.0015316925046289231,50.77239958805355,0.04276366988452679,-0.050553651377598256,0.09331732126212505,success
ES,1.1573746868949808,1.5775862213635645,-0.01411230366793581,50.669412976313076,0.08137783104508776,-0.0876043640631891,0.16898219510827686,success
ESS,1.1902606751205729,1.5720368395710005,-0.034948593921047655,51.28733264675592,-0.016118923915191277,0.04685748113528134,-0.06297640505047261,success
ESTC,2.4099784235083854,3.5122601511095177,-0.03685856119660791,52.09125475285171,-0.16862558750059423,-0.5037118831577777,0.3350862956571835,success
ETN,1.364371876946277,1.9217526908338243,8.865566602511699e-06,54.78887744593203,0.14172592901386943,-0.07944054749976168,0.2211664765136311,success
ETR,1.0017288262794974,1.436766894437403,-0.0074744961995039105,52.832131822863026,0.08633431112722319,-0.026424748192439607,0.11275905931966279,success
ETSY,2.3173542222576162,3.185445067650372,-0.004167475287760736,50.12658227848101,0.34410907598270035,-0.003190020333569539,0.3472990963162699,success
EW,1.335002904313449,2.10727695148001,-0.007054592853446451,49.32502596053998,-0.00030040164771082454,0.0,-0.00030040164771082454,success
EWBC,1.6644228745062914,2.36040252900455,-0.017379358474524098,49.845520082389285,0.06012186950613062,0.0892538711433656,-0.029132001637234978,success
EXAS,2.2572887654398697,3.44403606007089,-0.009983240713334895,48.17204301075269,0.06456104371051626,0.2561247873364335,-0.19156374362591727,success
EXC,0.9973383765923759,1.3507953067873602,-0.013028127480122054,49.742533470648816,-0.06029376124009235,0.07491047848995891,-0.13520423973005125,success
EXPD,1.1770253578944079,1.719261350959883,0.0012091265214652092,51.081359423274975,0.06580244886817314,0.021386262666013782,0.04441618620215936,success
F,1.6651586996138545,2.351074509847261,-0.004890199348127844,51.59629248197734,0.0374216962423851,1.9809566246894783,-1.9435349284470933,success
FANG,1.5386914200456046,2.1536944552174164,0.006820370513284546,55.21472392638037,0.22012554568020273,-0.11659102929498374,0.3367165749751865,success
FAST,1.107674888790185,1.5885659895491475,-0.030172531015608683,50.56642636457261,0.0974301697369152,0.048872899957167794,0.04855726977974741,success
FATE,,,,,,,,skipped_volatile
FCX,2.0407050344365416,2.7817286739710814,0.000865502631408277,49.330587023686924,0.31708789069635074,-0.07238638961473419,0.38947428031108494,success
FDX,1.3226185553977414,2.109214768459859,-0.0007642830732446093,52.523171987641604,0.0961998570359624,0.0,0.0961998570359624,success
FE,0.919502009334537,1.2503594147723434,0.00018618932040737057,53.244078269824925,0.03227423824880509,0.0,0.03227423824880509,success
FITB,1.450127556953603,2.0230282013442022,-0.0048441094370019755,49.22760041194645,0.08789879712260265,0.04046019323228837,0.04743860389031428,success
FMC,1.8373303484854835,3.1299542157022304,-0.006167905281194042,47.579814624098866,-0.16166804268996188,0.0,-0.16166804268996188,success
FOLD,1.8044322528375112,2.7653101268961926,0.0014172051008777276,49.71098265895954,0.1283017997604717,-0.08201120910779107,0.21031300886826276,success
FOXA,1.4687647935976182,2.0201737715113226,-0.049726653952056665,44.93927125506073,0.0,0.03160504040499703,-0.03160504040499703,success
FROG,2.541921978276511,4.090319039030616,-0.02010062945380975,46.56084656084656,-0.8282746875343475,0.26193744568254346,-1.090212133216891,success
FTI,1.7962200852959564,2.5178591242313133,-0.028198106599033546,47.92576419213974,0.5571769467694123,0.2100779510078708,0.3470989957615415,success
FTNT,1.5433313926506955,2.496778493368889,-0.0036145534930993595,52.75459098497496,0.1404230884302073,-0.06345832783405858,0.20388141626426587,success
GD,0.9150140113836525,1.2942879105921725,-0.002704802185764743,49.22760041194645,0.05649949533009507,0.059009604682332045,-0.002510109352236972,success
GE,1.373276940736422,1.9127804818367078,-0.009900045159841442,50.05149330587023,0.1512736765959138,0.28341857993749325,-0.13214490334157947,success
GILD,1.1376809788729811,1.6048961401952209,-0.004543502552311063,47.579814624098866,0.11574729299164348,0.12077675331904583,-0.005029460327402355,success
GIS,0.9777327603102596,1.3347667029407901,0.005557185724752611,50.77239958805355,0.23353344252593114,-0.059913889149467714,0.2934473316753988,success
GL,1.1316167339844179,1.7218271810825525,0.00365091101629067,55.7157569515963,0.13277775216035875,0.0,0.13277775216035875,success
GLUE,,,,,,,,skipped_volatile
GM,1.5024549107322451,2.207912660554711,-0.040227945100823614,44.20677361853833,0.5843571359995892,0.17969946709613435,0.4046576689034548,success
GOLD,2.1227920859898797,3.0443923823909236,-0.032800984047082204,53.44036697247706,0.25089766129338964,-0.24249731144064232,0.493394972734032,success
GOOG,1.364321320054652,1.875108060910853,-0.0025764822846772173,55.45796737766625,0.22913345957414946,-0.06003621562755401,0.28916967520170345,success
GOOGL,1.3714142369221138,1.8876395724968482,-0.004151567412646218,55.33249686323713,0.1756983249007656,0.0,0.1756983249007656,success
GPK,1.3529042848782846,1.9309874761336208,-0.005534331462318187,48.6096807415036,-0.03725787022757422,-0.0320815442978506,-0.00517632592972362,success
GS,1.2649629504305215,1.7710545965125497,-0.00034387622194409495,53.75901132852729,0.14795478301769313,-0.8204938927450809,0.968448675762774,success
GWRE,1.5083943595179081,2.533812617355294,-0.01511209636432409,49.6124031007752,0.25851223051791355,0.042079281460249474,0.21643294905766408,success
HAL,1.816371372048112,2.508506850987566,0.00013654036375376766,51.59629248197734,0.0267494276826608,0.0,0.0267494276826608,success
HBAN,1.4518759492692497,2.0478005506603076,-0.04850981461837267,49.330587023686924,0.08452485640847912,0.021916824312811372,0.06260803209566775,success
HD,1.1240328268592046,1.498298845691138,0.0017512569003107492,51.081359423274975,0.0641181479822604,-0.10481693445653315,0.16893508243879354,success
HIG,0.9976579825450252,1.3720160300938211,0.0011558089702243812,54.58290422245108,0.12951363545536698,-0.052927258974118103,0.18244089442948508,success
HII,1.3484932497659192,2.350146459524577,-0.007530229136646804,46.8978102189781,0.21532422407779428,0.11631011512512775,0.09901410895266653,success
HOLX,0.982305590134045,1.4612023233238975,0.0008788985510802538,50.46343975283213,0.006499863707819515,0.5709711644167359,-0.5644713007089164,success
HON,0.9839597691818871,1.3635473408375,-0.0118024527376146,48.19773429454171,0.1449700220877437,0.045705284766770826,0.09926473732097288,success
HOOK,,,,,,,,skipped_volatile
HP,2.341518475674113,3.2051716552007377,-0.10265586353237133,51.081359423274975,0.5419507430630713,-0.05443164122627033,0.5963823842893416,success
HRL,1.0374229924212022,1.549444372599235,-0.00693152210058523,48.918640576725025,-0.053086380040719486,-0.06570132305935515,0.012614943018635666,success
HST,1.4043535232251299,1.8924587993090385,-0.010414147027363763,48.19773429454171,0.19530489010830585,0.0333256408277372,0.16197924928056864,success
HSY,1.082751820596844,1.488720287843871,-0.0012969548534438324,49.53656024716786,0.025756347647896017,0.0,0.025756347647896017,success
HUBS,2.1877042939981757,3.1317575620157223,-0.04786526928653667,48.06763285024155,-0.2247234162555934,-0.02289129382742349,-0.2018321224281699,success
HUM,1.5248585296531938,2.3976249754436907,-0.0041715468208261,52.111225540679705,0.07411640093149473,-0.25319043881837244,0.3273068397498672,success
HWM,1.583458760180953,2.2508322770185236,-0.07240911511853554,51.488095238095234,0.1330500564493851,0.8718905544774733,-0.7388404980280883,success
IBM,1.0876940281358463,1.6346738223593011,0.00040629554789317623,53.244078269824925,0.10643737538567541,0.04049890824681455,0.06593846713886087,success
ICE,0.8784411843344152,1.2123696025327073,-0.024342120797126165,47.46666666666667,0.10135177665544053,0.07121549598751412,0.03013628066792641,success
IDXX,1.5162562290821886,2.297874365150574,-0.0031968284404630953,48.19773429454171,0.04199112939766319,0.06365266470583911,-0.021661535308175918,success
ILMN,2.165713320381913,2.9620999099461516,-0.013426544931035567,46.63157894736842,-0.033571555954634465,0.6332468175496098,-0.6668183735042442,success
INCY,1.3420950144854302,1.8876416387536252,-0.007220905533932065,53.656024716786824,0.10163548042997775,-0.25302641114238317,0.35466189157236094,success
INTC,2.2407690114095087,3.2833865862609932,-0.008718841467264538,50.9783728115345,-0.18055098603582412,0.2570475234723769,-0.437598509508201,success
INTU,1.590443041660064,2.2252497703616916,-0.0005248890920952487,51.18434603501545,0.027861381021832336,-0.17745658522599048,0.2053179662478228,success
INVH,1.0163255342927895,1.3515383661445814,-0.032127564655284546,48.62385321100918,-0.0787633295008714,-0.00708599819964866,-0.07167733130122275,success
IONS,1.832651839624537,2.6980064338372336,-0.005205986531032547,50.05149330587023,0.11815570090227541,0.031660151522708846,0.08649554937956656,success
IP,1.4207094247010716,2.0726004766572546,0.0002861007920753611,51.493305870236874,0.013287737940880309,0.09520156025948844,-0.08191382231860812,success
IQV,1.8395633449456703,2.924219800994399,-0.5944173499036827,51.92307692307693,0.028982854235323725,-0.23399905531925583,0.26298190955457956,success
IR,1.4455576163237556,2.0543073324516623,-0.00830707411733056,47.151898734177216,-0.021233481138800598,0.36546326339191254,-0.3866967445307131,success
ISRG,1.395567318832889,2.0500676425223467,-0.010881291389427394,48.42767295597484,0.005383423889013236,0.2701094983331651,-0.26472607444415186,success
ITW,0.9798015465215711,1.3621762231114565,-0.0005804598281469175,50.77239958805355,0.06072294777406964,0.057365303982302523,0.0033576437917671176,success
JAMF,1.9314994133723944,2.6129511863404025,-0.173077773935832,47.15025906735752,-0.4533960977435768,0.14987361863866572,-0.6032697163822425,success
JBHT,1.4200539945438047,2.0348014662137364,-0.0017066097008291425,49.63954685890834,0.04417212720686678,0.16544674899782824,-0.12127462179096146,success
JNJ,0.7768247647731927,1.079871848621754,-6.264901735941741e-05,52.42018537590113,0.05108529272349377,0.0,0.05108529272349377,success
JPM,1.1262153416685676,1.6005593264674014,-0.07480230049968206,55.509783728115345,0.09804483443984706,0.591560653349113,-0.49351581890926594,success
KALV,2.938685762241466,3.9880963689861777,-0.008568921582807532,46.58227848101266,0.0641250600523583,0.3550413912574417,-0.2909163312050834,success
KBH,1.7501884630877083,2.3556762641756177,-0.0017464667114293064,53.244078269824925,0.10819898796891156,0.029645928611724298,0.07855305935718726,success
KEY,1.7204079866971125,2.53253155061274,-0.00011268088407812016,52.21421215242018,0.10106545159386086,0.006052955224105872,0.09501249636975499,success
KGC,2.1499833122846193,2.8681848018211498,-0.05915305395742365,44.90216271884655,0.18440558086948,0.24571175080928104,-0.061306169939801036,success
KHC,1.12557217115129,1.5120438236644491,-0.005478662210456342,50.90439276485789,-0.048988457695510385,-0.07742058072301564,0.02843212302750525,success
KLAC,1.946792558142332,2.6928482942005227,0.0005933376437939897,54.17095777548918,0.2017801644031439,0.0,0.2017801644031439,success
KMI,0.9618724710316183,1.376931006813342,0.00015734674318534925,50.90579710144928,0.2140235977743524,0.07131851687605692,0.14270508089829548,success
KMPR,1.6288245806006363,2.3476807668987387,-0.02340568251211761,47.68280123583934,-0.11358043555464281,0.035689466652350184,-0.149269902206993,success
KO,0.7481942086640351,1.0135555688420779,-0.001525107799640768,50.46343975283213,0.05048511136102017,-0.033525441715411504,0.08401055307643168,success
KPTI,4.239753779252979,5.786303512593008,-0.005580143770792523,43.87527839643652,0.032040790314817554,4.612845552763045,-4.580804762448228,success
KROS,2.246155167105804,2.917914115904404,-0.2190326218449843,47.34299516908212,0.009632518354285472,0.0,0.009632518354285472,success
KURA,2.8025655414602615,4.04340207502446,-0.02985886793708392,48.54881266490765,-0.09687064110189143,-0.3532868724407423,0.2564162313388509,success
KYMR,3.133775222356482,5.681720846095304,-0.19617142236773022,48.18652849740933,1.2654115243923982,0.6603386026573889,0.6050729217350094,success
L,0.9025197509349594,1.2187488081805933,-0.006699809092199693,47.88877445932029,0.025902159551052406,0.10729649448169908,-0.08139433493064667,success
LCID,,,,,,,,skipped_volatile
LEG,1.8295614135897869,2.8026079992232233,-0.008699603837996062,44.593202883625125,-0.0599796099591271,-0.25225099316764643,0.19227138320851933,success
LEGN,2.513015990872029,3.2781763312904477,-0.19145311693191402,43.28358208955223,-0.20529697745359834,-1.1855772469869872,0.9802802695333889,success
LEN,1.585048595718224,2.1599887202415338,-0.002324727184198405,47.991761071060765,0.022008901782387853,0.08335854380154825,-0.0613496420191604,success
LHX,1.0625651549293682,1.4791427827213826,-0.0008317759459421925,51.3903192584964,0.05867636916274754,0.0,0.05867636916274754,success
LI,2.1333685397138797,2.7183817044253487,-0.26121564055376356,44.61538461538462,-0.2108592006217862,-0.41327580467095765,0.20241660404917144,success
LIN,0.9235431228033433,1.2906918434389776,-0.025200005823438953,52.72914521112255,0.06577630184191778,0.03740517684937201,0.028371124992545772,success
LLY,1.4408199820318912,2.097729076492123,-0.002478495251876822,53.86199794026777,0.1518114473352293,0.14416398704374705,0.00764746029148225,success
LMT,0.9857839840700457,1.4446146806790308,-0.04139354504701798,47.37384140061792,0.6133684437242742,0.05621594393223285,0.5571524997920414,success
LNG,1.4352824282595982,1.9500421601382787,-0.10531168131605861,47.37384140061792,0.0557916324156027,0.08103539738006046,-0.025243764964457766,success
LOW,1.2207447479257327,1.6404250518037018,-0.000660741250184671,52.00823892893924,0.04682167652343198,0.0,0.04682167652343198,success
LRCX,2.121172417915627,2.9087341505811484,-0.003825952361372398,52.42018537590113,0.26927957245837525,0.06686308665062221,0.20241648580775304,success
LULU,1.7191962944326629,2.644252374758932,-0.01424446587271011,51.89504373177842,-0.05654570896021843,-0.18771945425146627,0.13117374529124784,success
LW,1.71766836345097,2.86703294203651,0.0136328169896347,52.537313432835816,0.1671510268301442,-0.38883531940310756,0.5559863462332517,success
LYB,1.4274039775921268,2.087518853095144,0.0015140693226104451,47.59450171821305,-0.026159574572590105,-0.024597973922325527,-0.001561600650264578,success
LYEL,,,,,,,,skipped_volatile
LYFT,2.5300561163389936,3.8371512208235696,-0.009827989958561822,52.6530612244898,0.3373510480432017,0.05347161143587878,0.28387943660732295,success
MA,0.8611286350627485,1.2223359828585874,-0.0018723150961057478,49.17808219178082,0.06833489190585505,0.045358143376354534,0.022976748529500518,success
MAA,1.1060480120458651,1.4517859672918239,-0.042710931873303215,49.12461380020597,-0.017393780082229162,-0.02800863449607005,0.010614854413840889,success
MAR,1.2847226369354878,1.754218663353638,-0.0008297717134850835,52.00823892893924,0.09963039518351001,0.014577412354645118,0.08505298282886489,success
MCD,0.8110417632150287,1.0962727763011273,-0.0004558455176448817,52.31719876416066,0.04683262155492528,-0.15569406138197128,0.20252668293689657,success
MCHP,1.9845313259099124,2.840240974193557,-0.00041114318366264335,49.845520082389285,0.06245154756715462,0.06370048354819714,-0.0012489359810425246,success
MCO,1.1920631515122802,1.7012857371962564,0.002876319392180915,51.493305870236874,0.08739127653450633,-0.11327695022616492,0.20066822676067125,success
MDB,2.5003861281487394,4.306702812608505,-0.0024991773556013452,56.99999999999999,0.8987794708322379,-0.3666843104155581,1.265463781247796,success
MDLZ,0.9163583302314723,1.225572110568229,-0.0026265541869856524,50.05452562704471,0.012724155318748808,1.212865557265319,-1.2001414019465704,success
MDT,1.0008400807883107,1.374738155368809,-0.010473367408793122,52.42018537590113,0.015823063883542363,-0.3993104732058061,0.41513353708934847,success
MET,1.1744417989345182,1.6475588658091516,-0.02016491845338142,53.74220374220374,0.04036508034145158,0.006435213139106013,0.033929867202345566,success
META,1.5359043321018502,2.2314394548125023,-0.011557367158981258,46.62698412698413,-0.004170251822086562,0.13345789391068383,-0.13762814573277038,success
MGNX,3.90635125442276,5.428145419646033,-0.004535450687981779,45.67627494456763,0.0986698204039713,-1.6325506360378141,1.7312204564417855,success
MHK,1.7547476015553027,2.4792070266094832,-0.0029539002088958544,52.111225540679705,-0.049674459526509375,0.042789350212033006,-0.09246380973854237,success
MKC,1.115724459901195,1.5498083574720742,-0.006035259287938022,47.991761071060765,-0.028906416980599196,0.006351392196312578,-0.03525780917691178,success
MLM,1.2531361385477282,1.6769860034290769,-0.018111315971281572,47.167868177136974,0.18499631086656831,0.0708222075645739,0.11417410330199441,success
MMC,0.8888760500140502,1.2675888035942051,-0.016271436631242198,53.96498455200825,0.02110522152781523,0.3115561868662159,-0.29045096533840065,success
MMM,1.2619942007632465,1.8970219491980083,-0.0023921960502839568,50.25746652935118,0.12095172347508278,-0.14996371961181007,0.27091544308689286,success
MNDY,2.970502634722103,4.685531410670818,-0.24853034271479557,48.148148148148145,-0.8070321247405344,-0.8131601945840429,0.0061280698435084435,success
MO,0.8822915051596825,1.2906775833920958,-0.007789749798748247,45.52008238928939,-0.7717400137261619,0.07713240500033146,-0.8488724187264933,success
MPC,1.4219791203521945,2.0457086771227715,-0.00011302775707888735,55.01858736059479,0.08918192655519301,0.0,0.08918192655519301,success
MPWR,2.3727175930338453,3.3810274562173523,-0.016179742651300844,49.04701397712834,0.2445788955136683,0.1801243478961377,0.06445454761753058,success
MRK,1.0753385724340299,1.4984659944711842,-0.0327898502864703,48.81565396498455,0.10017289262729116,0.049913950992231455,0.05025894163505971,success
MRNA,3.177048397909938,4.203113608130703,-0.01131944642765026,51.75097276264592,0.2608772792762371,0.0,0.2608772792762371,success
MRUS,2.0575768218015837,3.7614226027137794,-0.004468742772668399,48.126801152737755,0.2720024584170198,-0.01675601254590986,0.28875847096292967,success
MRVL,2.6585655179167818,3.7782277345470328,-0.0051908463793821635,50.99685204616999,0.1413461609769479,-0.35769573442503544,0.49904189540198335,success
MS,1.3173239310102651,1.8343252436484307,-0.02673037685099766,47.68280123583934,0.12294172693262673,0.08998806962966084,0.032953657302965886,success
MSFT,1.2013015423997326,1.690712201261778,-0.004193556506422613,52.31719876416066,0.05407791819415609,0.0,0.05407791819415609,success
MTB,1.3557542328178784,1.8960872951518704,0.005778613349305628,51.69927909371782,0.07994003383251364,-0.026034814352262108,0.10597484818477575,success
NBIX,1.3797669629394416,2.0712874061875217,-2.510617688189498e-05,52.523171987641604,0.045757714496229715,0.9993676126499651,-0.9536098981537354,success
NEE,1.2650168236546209,1.7396091566591172,-0.00035629015110050233,52.21421215242018,0.04245596067254393,0.003323142425970123,0.03913281824657381,success
NEM,1.7325988220539605,2.4116645280627993,0.002156252603699338,49.742533470648816,0.18449956757896113,0.005768555632367049,0.17873101194659408,success
NET,2.502070705495073,3.449678788476443,-0.07580402379800844,45.17543859649123,0.3024426263231269,0.23322312597598743,0.06921950034713947,success
NFLX,1.6222107845904463,2.381624254307476,-0.0065671223444032645,52.94784580498866,0.31731499810350916,0.08961307163458539,0.2277019264689238,success
NIO,,,,,,,,skipped_volatile
NKE,1.5290582298490136,2.2974179005714976,-0.003821310000032163,48.30072090628219,-0.05047177183148228,0.26149402785488796,-0.3119657996863702,success
NKTR,4.086999922119352,5.676706022320475,-0.006457726840892519,49.22760041194645,-0.3030628310247949,0.10141105022398984,-0.40447388124878475,success
NOC,1.0632316659053493,1.5821532644836787,-0.005060653855961217,49.94850669412976,0.09491470129811393,0.05982686595136202,0.03508783534675191,success
NOV,1.888584817643545,2.605432715796087,-0.005622375744160246,49.53656024716786,0.038946003333062064,0.03264774887327165,0.006298254459790417,success
NOW,1.6870799317402891,2.4951945806335587,-0.0023074987414963832,50.4,-0.18150201264929733,-9.161683033711312e-05,-0.1814103958189602,success
NRIX,,,,,,,,skipped_volatile
NSC,1.1326978573368078,1.5792676831117594,-0.0008666747643022443,53.03810504634397,0.06079658904898489,0.00314482794198785,0.05765176110699704,success
NTLA,4.271481113401325,6.07939691387277,-0.02189278907463099,49.859154929577464,-0.38665338845503083,0.21929344629434178,-0.6059468347493726,success
NTRS,1.3099623601771078,1.8741583962851946,-0.005163632821301167,52.00823892893924,0.05067343470968762,0.3353198448820422,-0.2846464101723546,success
NUE,1.6837381101985733,2.355817051447593,-0.0323344121867164,50.9783728115345,0.041323498366078175,0.26999363697505774,-0.22867013860897956,success
NUVB,4.143940354126303,6.387573929502767,-0.10895764396722818,51.041666666666664,0.8495804489296115,0.3680814937616191,0.4814989551679924,success
NVAX,4.2184175305746745,6.104807085035131,-0.0072422167306578356,44.948453608247426,-0.0819225680159903,2.8353033095639746,-2.917225877579965,success
NVDA,2.3951631463396503,3.300785485439961,-0.0027948363755230243,54.067971163748716,0.2755620108866844,0.0,0.2755620108866844,success
NVO,1.6840327283163303,2.5590229945169867,-0.01560684653558031,48.918640576725025,-0.16983709925181847,0.19633603078491815,-0.3661731300367366,success
NVR,1.2997139604749675,1.7507529778706028,-0.01812635282819297,51.081359423274975,0.07031138638177527,0.0,0.07031138638177527,success
NXPI,1.8072860243508995,2.549759588697189,0.004018904536210122,51.39860139860139,0.05899112725313778,0.06919407595636362,-0.010202948703225842,success
O,0.9313221874852711,1.2149031976652522,-0.004976460005166494,49.742533470648816,-0.018179405005915698,0.03506668937913452,-0.05324609438505022,success
ODFL,1.701749568526775,2.3576765583333743,-0.001402336468057097,51.905252317198766,0.07624526372038565,0.0,0.07624526372038565,success
OKE,1.2922710493489635,1.7774411650867663,-0.0008304526870432927,55.3038105046344,0.05772758740888061,0.0,0.05772758740888061,success
OKTA,1.8933078730422597,2.9168361962914156,-0.0006130403519604144,52.81249999999999,0.316315471878309,-0.02789042893731678,0.3442059008156258,success
ON,2.433358916040907,3.3061864094261284,-0.006195524335779634,49.84358706986444,0.08562733115379711,-0.9664662999510102,1.0520936311048072,success
ORCL,1.6659695854972463,2.672465607986808,-0.00477905127626066,52.111225540679705,0.07191372244460502,0.29705766555454555,-0.22514394310994051,success
ORLY,1.0221434294055076,1.4144936233358645,-0.0024273890122656905,52.42018537590113,0.0748404106728329,0.10341379352748062,-0.028573382854647722,success
OTIS,0.930194011090228,1.399211444472387,-0.015306555642467412,51.196172248803826,0.05569100341546502,-0.09892241407968441,0.15461341749514942,success
OXY,1.5497523837010245,2.1637297167522314,0.0012738833772586444,51.18434603501545,0.19073783435871366,-0.013028135504951808,0.20376596986366546,success
PANW,1.6356143139199049,2.2423890780866853,-0.09361897066028235,53.81526104417671,0.029250953337324442,0.0,0.029250953337324442,success
PAYX,1.0844174682086765,1.5117290140053676,-0.02484833925565999,50.9783728115345,-0.01463591168381328,0.0,-0.01463591168381328,success
PCAR,1.2006201478015581,1.6504480980485114,-0.015213759370482638,50.669412976313076,0.1252269102346187,0.09592319095258303,0.02930371928203568,success
PD,2.3144616245876977,3.555567837218917,-0.016142474153450603,48.77049180327869,-0.35711933279288877,-0.036837217731766986,-0.3202821150611218,success
PEG,0.9974167447462616,1.3348554807248139,-0.0003034493159232987,53.656024716786824,0.057445941240744175,-0.006815186938011607,0.06426112817875579,success
PEP,0.8722202853521646,1.1982447616872745,-0.0032306292944406234,50.46343975283213,0.05313911024604044,-0.08078145173205487,0.13392056197809532,success
PFE,1.1610748458208444,1.5493538164443763,-0.012551505734666568,47.579814624098866,-0.03475820522612413,0.0,-0.03475820522612413,success
PG,0.822357206239001,1.1204324090050888,-0.0029949878496458027,52.72914521112255,0.01994459969190488,0.0,0.01994459969190488,success
PGNY,2.088546482266202,3.391423898268485,0.006224154514496982,54.01785714285714,1.3053052614707912,-0.28791246725556197,1.5932177287263531,success
PGR,1.1877851586522579,1.6586033309892674,-0.05951272139415775,48.71266735324408,0.17548859075804712,0.0699265888089413,0.10556200194910582,success
PHM,1.5900574062557036,2.183041485286594,-0.0032601206731477372,48.30072090628219,0.1529108037264311,0.13956734283536035,0.013343460891070746,success
PKG,1.1106496824715488,1.6043548042351166,-0.00010656988126256373,50.98039215686274,0.06017667971712658,0.0,0.06017667971712658,success
PLD,1.297121176338569,1.7949257176903506,-0.0011325997965607737,52.21421215242018,0.04663925904432237,-0.19740200702560484,0.2440412660699272,success
PLRX,3.0893309521486043,4.093468099522337,-0.0033531220955282937,47.76119402985074,-0.09031392364401884,0.3674769567109442,-0.45779088035496307,success
PLTR,2.6744993097535508,3.556227211557778,-0.26250292245065143,53.72340425531915,0.10225736653816032,0.0,0.10225736653816032,success
PM,0.986301201469788,1.42432656631936,-0.03755909190571649,51.3595166163142,0.16805945831010596,0.09614236142945487,0.0719170968806511,success
PNC,1.275385413021089,1.7402517593298903,-0.0005665222174686679,51.69927909371782,0.04730395912495672,0.24735804754035923,-0.2000540884154025,success
PODD,1.7058809283943974,2.4982534794269764,-0.007654036601251191,51.008645533141205,0.053041291149286476,-0.13847994698205696,0.19152123813134342,success
PPL,0.921271693881256,1.2026687699405214,-0.00163729506015442,51.59629248197734,0.06302583181828134,0.011416189465994089,0.051609642352287245,success
PRPH,4.369832071556531,6.921898863631573,-0.026306813666172824,42.94541709577755,-0.41779040143244534,0.16524564587730678,-0.5830360473097521,success
PRTA,2.7631830595508267,4.218969322757079,-0.0166396277761105,52.282157676348554,-0.6158296230333319,0.023288010382754926,-0.6391176334160868,success
PRU,1.1640888318762914,1.6022055202724272,-0.005427175797065642,46.32516703786192,-0.12021707818745965,0.04585419357872311,-0.16607127176618275,success
PRVA,1.5802455095853267,2.1526474951033694,-0.018818632091922805,53.89221556886228,0.2997481244494111,-0.046764695176410354,0.3465128196258215,success
PSA,1.157845494302167,1.5416221675139579,-0.0030651024884911227,49.742533470648816,0.013658878526952306,-0.08356829099953081,0.09722716952648311,success
PSX,1.3995756897490348,2.015640171058771,-0.014639996242320263,46.8503937007874,0.045007402011962606,0.06811706539515817,-0.023109663383195568,success
PTCT,2.2265653112821426,3.433302748907853,-0.006171589506613895,49.0280777537797,0.354965845312087,0.2098254979808344,0.1451403473312526,success
PVH,2.0095023589932794,2.9155745233052826,-0.0029619757830354754,48.918640576725025,-0.05609636558800017,0.0630108892450572,-0.11910725483305737,success
PYPL,1.6620721250423058,2.4889664825265765,-0.007796461865370974,45.21963824289406,-0.22369545167660396,0.036891902611275985,-0.26058735428787994,success
QCOM,1.7175842267939028,2.3898101271055907,0.00044140734674358306,53.3470648815654,0.07693061417923881,-0.29228432206034155,0.36921493623958035,success
QDEL,2.3240547203468003,3.544732830486097,-0.0020920932822356963,46.96189495365603,-0.11512979793618097,0.027004634473181337,-0.1421344324093623,success
QRVO,1.835672554951941,3.1296932657692142,-0.0022886916991171624,52.09876543209877,0.12657092427671904,-0.2624369094555921,0.3890078337323112,success
QTWO,1.8740544440071307,2.675128685235366,-0.011309582101792337,48.50574712643678,-0.02253747086306114,0.08321353981186441,-0.10575101067492555,success
QURE,4.178554836961943,6.536417909190806,-0.02038821539170188,47.380410022779046,-0.5746339730895093,0.2554300333372561,-0.8300640064267654,success
RARE,2.2608687873958724,3.764834651138392,-0.011265565601054739,49.31818181818181,-0.09817660816083397,0.03736155313696411,-0.13553816129779808,success
RCUS,3.087208800287075,4.199320280059598,-0.0201544308195154,51.056338028169016,0.09799940048893861,0.7341752427244962,-0.6361758422355576,success
REG,1.0546772220695746,1.4087704904416907,-0.0012728554760439437,49.94850669412976,-0.041579817161253134,0.05691944121536703,-0.09849925837662016,success
REGN,1.3096837153051049,1.9830983676995786,0.0037021824746025223,51.493305870236874,0.109052525356919,-0.05668232979119767,0.16573485514811667,success
RF,1.4139383442937414,1.965142953651081,-0.004152630118492873,50.05149330587023,0.06101655600149535,0.07613981992032402,-0.01512326391882867,success
RGEN,2.3454059873221142,3.223174814923087,-0.0017164788516337293,49.22760041194645,0.027635849685564207,0.0,0.027635849685564207,success
RGNX,3.8301147679147283,5.161927062389151,-0.008209662612525204,52.242744063324544,0.016604524699280247,0.07526163290633206,-0.05865710820705181,success
RH,3.0840953976569274,4.618957752807196,0.0042081518548706676,50.617283950617285,-0.11130127788291815,0.0004462205787266639,-0.1117474984616448,success
RIVN,2.938463979265247,4.77633801851101,-0.09016038750152311,56.849315068493155,0.42443428417554063,0.12217056974880314,0.3022637144267375,success
RL,1.6123941229888292,2.265760730444235,-0.02048047530958419,48.506694129763126,0.16614663004523045,0.15321712896916995,0.012929501076060501,success
RLAY,3.3591986139736436,4.627148674707375,-0.11910957031640668,47.44897959183674,-0.35565463886452575,0.7263661923959857,-1.0820208312605115,success
RLI,1.0804087073216213,1.454339043050748,0.0014449414292928564,54.067971163748716,0.0664106028360203,-0.09367706642738208,0.16008766926340237,success
RMD,1.402034856610441,2.094659237925802,-0.07546562173880633,50.87538619979403,0.02492259220556744,0.13055552965514244,-0.105632937449575,success
RNG,2.177416719052374,3.471349355559893,0.0024571730593583307,48.34437086092716,0.18301418440354167,0.017740575559838753,0.1652736088437029,success
RNR,1.33550688232261,1.8252929867943843,-0.012100995486965527,51.3903192584964,0.22013307060205506,0.019551511564096086,0.20058155903795896,success
ROK,1.4260145550498937,2.082326717778155,-9.520305952426256e-05,50.46343975283213,0.09382547165650776,0.05915757065761792,0.03466790099888984,success
ROKU,2.428637545129949,3.43813245081125,0.0019507407198019466,50.66225165562914,0.02116201683946774,0.2653639385235032,-0.24420192168403546,success
ROST,1.1747930668590756,1.817837609165642,0.0008403411394715121,51.18434603501545,0.14088513955534748,0.02761435978219057,0.11327077977315692,success
RPTX,2.0235464847513325,3.6419917911876105,0.008626108383295694,48.97959183673469,0.48824221216029484,0.0,0.48824221216029484,success
RS,1.4063872011445153,1.9160913248861795,-0.16181587982638268,52.31719876416066,0.07269259890050668,0.3348807689097547,-0.26218817000924804,success
RSG,0.8768615497097405,1.1915439200180402,-0.14104519298157503,54.8918640576725,0.07105339774807558,0.05303224260328683,0.018021155144788747,success
RTX,1.0269582486696331,1.516926309251187,-0.0013354250634007858,52.832131822863026,0.09072453173702309,1.6116888620873127,-1.5209643303502896,success
RVMD,2.0887594053573464,3.491668917342778,-0.003224588845098575,47.64150943396226,0.49092428288453765,0.5463689606179111,-0.055444677733373415,success
S,2.1530427135962893,2.9134041581118835,0.011123785455697144,53.75,0.25706512446632135,-0.313787738499582,0.5708528629659033,success
SANA,,,,,,,,skipped_volatile
SBUX,1.316091969821883,2.0544428309291143,0.00310679024540772,52.111225540679705,0.1358176211572466,-0.09584677569306899,0.2316643968503156,success
SCHW,1.3757031138850329,2.0426905056605693,-0.0032254080160767362,52.21421215242018,0.040104228703407775,0.056220449173287584,-0.01611622046987981,success
SDGR,2.490281204081325,3.4415857419576463,-0.05555406241086147,51.173708920187785,-0.22511778773090843,-0.5982604722361021,0.3731426845051937,success
SEE,1.4700260845746291,2.0909039067595137,0.005376030381844532,52.72914521112255,0.3208220840648066,-0.1207951830561663,0.44161726712097293,success
SHOP,2.5510069632936685,3.743845750275042,-0.053664920318258424,49.36061381074169,0.5799572607592494,0.19150606038423007,0.3884512003750193,success
SHW,1.224264699621569,1.6881363039148105,-0.002574855063927739,49.63954685890834,0.05299153541277804,0.0,0.05299153541277804,success
SJM,1.0992504924743927,1.5456333948620604,0.0005958681484738992,49.12461380020597,0.007615525727385535,-0.0026702531066034783,0.010285778833989014,success
SLB,1.6664928581167753,2.325330934688366,-0.003711998617683232,50.669412976313076,-0.022418847924759913,0.12235648965045014,-0.14477533757521005,success
SNOW,2.0896820110961,3.0808894580281208,-0.0049180569024023235,49.2063492063492,0.3391484977613507,-0.19777025252100747,0.5369187502823581,success
SNPS,1.7153933729544442,2.6347682442143636,0.0004419037505729584,52.523171987641604,0.0744102870986031,0.0,0.0744102870986031,success
SO,0.9112592228750469,1.1974552078635068,0.0016793203338048013,49.94850669412976,0.05378164762304276,0.01626815844787376,0.037513489175169,success
SON,1.144715800379115,1.5822877492752325,0.0011711134373930676,52.21421215242018,0.042020326840720976,-0.051875600671258536,0.0938959275119795,success
SPG,1.183641515824952,1.6266075873671446,-0.0005678937795481342,50.669412976313076,0.047255568108478564,0.19615244204935692,-0.14889687394087836,success
SPGI,1.0693324592386306,1.5592031764550087,-0.002763495569505281,52.42018537590113,0.014220072465156192,0.21219850383106947,-0.19797843136591328,success
SRE,1.0495625557503037,1.506339276457949,-0.016244913872780042,52.42018537590113,0.034637174915619885,0.17161073985179814,-0.13697356493617827,success
SRPT,,,,,,,,skipped_volatile
STLD,1.7252566073960647,2.3522491088050845,-0.0006444466893633649,51.59629248197734,0.11849131200854081,0.0,0.11849131200854081,success
STT,1.333772768347342,1.8755370932719382,-0.0024273684727100786,49.63954685890834,0.043660412769337055,0.11992827554940949,-0.07626786278007244,success
SWKS,1.7334089896821163,2.567431523426239,0.002996307377613583,51.905252317198766,0.16744038727842514,-0.06648096787836336,0.2339213551567885,success
SYK,1.0789194753106786,1.5110437886143882,-0.010248801636606464,50.360453141091654,0.09772560796202032,0.009404875000124545,0.08832073296189577,success
SYRS,,,,,,,,skipped_volatile
T,1.0663939921898977,1.5113797672841733,0.0010990759519191595,50.05149330587023,0.06948287168827151,0.07187439740445323,-0.0023915257161817166,success
TDG,1.1232667881185254,1.57947936551978,-0.03798893263048608,50.67750677506775,0.08220605620749329,0.16189248379384857,-0.07968642758635529,success
TEAM,2.3539498967532113,3.3676180403354112,-0.013601780602713998,52.03252032520326,-0.10580474740242449,-0.21403529326016968,0.10823054585774519,success
TECH,1.7968285954832848,2.416204929867776,-0.010107557682617285,47.27085478887745,-0.030286136419010325,0.0,-0.030286136419010325,success
TENB,1.7109418469014273,2.4431328839071464,-0.12666594141321674,43.542435424354245,-0.3756119507794599,1.6466672112633247,-2.0222791620427847,success
TERN,,,,,,,,skipped_volatile
TFC,1.4667972058137342,2.061236534178147,-0.0003482473063476377,49.742533470648816,0.029538642956389333,0.08557953723004694,-0.056040894273657604,success
TGT,1.5533785471190251,2.3615317779496685,-0.005731489368961951,48.918640576725025,-0.013948760075632973,-0.18385094790097267,0.1699021878253397,success
TGTX,,,,,,,,skipped_volatile
THG,1.103294096794483,1.4348967535919526,0.0021570856525765514,52.62615859938208,0.10664091923221806,-0.14809352254586958,0.25473444177808763,success
TJX,0.9535631009597118,1.3149684794781937,-0.005079359363025837,50.77239958805355,0.13106380660499883,0.07412663198951153,0.05693717461548731,success
TMO,1.2426253790414896,1.7184406814664333,-0.0017806189301186048,49.12461380020597,0.004197441568585409,0.0,0.004197441568585409,success
TMUS,0.973084448838016,1.4110672685896524,-0.0010241066508251961,55.09325681492109,0.07986331350284698,0.0,0.07986331350284698,success
TNDM,2.9773240450117107,4.55453349398536,-0.004960499601500468,47.767857142857146,0.0037422246964334935,-0.13604114908759463,0.1397833737840281,success
TOL,1.664800676314287,2.255724542865525,-0.015914319883892913,47.167868177136974,0.0,0.15331836383100636,-0.15331836383100636,success
TPR,1.730781293994343,2.452547723138935,-0.028336351340156662,50.63694267515923,0.19900587312497844,0.2053421492380894,-0.006336276113110967,success
TRGP,1.3718494782413515,1.8863758170645646,0.0017813406491734574,58.139534883720934,0.20584016436300798,0.0,0.20584016436300798,success
TRV,0.9952971435229863,1.3987309721359527,-7.60457308230933e-05,53.3470648815654,0.0711226262907679,0.0,0.0711226262907679,success
TSLA,2.7601576315519307,3.825524749089871,-0.003405992493206389,50.34722222222222,0.3796696884314017,0.06698299130967318,0.31268669712172853,success
TSN,1.0978288166182526,1.5483765070894708,-0.005219514019043414,50.360453141091654,-0.006971668602923634,-0.45863416862686956,0.4516625000239459,success
TVTX,2.868704831258818,4.081800323086317,-0.004255126380760643,50.20576131687243,0.7001265758559317,-0.04977241588184215,0.7498989917377739,success
TWLO,2.3060403867671293,3.4962401275059647,-0.012356554840050826,52.28571428571429,0.3840929508667849,-0.014427868822743906,0.3985208196895288,success
TXN,1.4161676071224458,1.9978107644593042,0.005424664011052349,52.62615859938208,0.151858026389522,-0.08984248028932648,0.2417005066788485,success
TXT,1.191915922881465,1.7190719884859582,-0.00048191963434995877,52.72914521112255,0.054626878739320754,0.0,0.054626878739320754,success
UAA,2.1577428960528264,3.2440575455808753,-0.009633555519376946,48.197596795727634,-0.0347244946785683,0.34736189729118516,-0.38208639196975347,success
UBER,1.6158185613087337,2.2519642637217183,-0.0022026825700558472,48.96265560165975,-0.04586198727138072,0.6138929820887843,-0.659754969360165,success
UDR,1.1545791354905448,1.5408074389101882,-0.07157894311291124,49.63954685890834,-0.006265725159381818,-0.08161718390834388,0.07535145874896207,success
ULTA,1.4138788563330935,2.1434370794175113,-0.004180982087941487,49.33530280649926,0.08365890353496627,0.0,0.08365890353496627,success
UNH,1.3090534678083998,2.134743825418319,-0.011912371648809428,52.00823892893924,-0.027703022536693177,-0.4417758059618762,0.41407278342518306,success
UNP,1.032519635434993,1.4420389815138401,-0.0004996424311396463,50.9783728115345,0.028263975848782003,0.0,0.028263975848782003,success
UPS,1.2075006684966625,1.766763685745721,-0.005674436263620519,50.25746652935118,-0.015591774118038504,0.0,-0.015591774118038504,success
USB,1.375481026859814,1.9340839495797366,-0.0005628096874272792,49.845520082389285,0.043233566847138964,-0.4877338503779205,0.5309674172250595,success
V,0.8421710090863893,1.213306246074771,0.009803039812990466,53.625377643504535,0.15717130493672674,-0.05178376116266397,0.2089550660993907,success
VCEL,,,,,,,,skipped_volatile
VCYT,2.400009504379883,3.5056584786374168,0.0054268853468844025,49.333333333333336,0.5147483442508005,0.09149195165215401,0.4232563925986465,success
VEEV,1.4467704238208297,2.199655386154139,0.0014433198162893124,48.78048780487805,0.071845084990442,-0.3897665642981269,0.4616116492885689,success
VERA,,,,,,,,skipped_volatile
VFC,2.5365350978041428,3.715539367596818,-0.03551059009322732,51.081359423274975,0.037449102877532586,-0.10704330910777042,0.144492411985303,success
VICI,0.8789997033545209,1.1405493952243213,0.0003449188449036189,52.73972602739726,0.1572222722191359,-0.04120912136169266,0.19843139358082856,success
VKTX,3.440372759981104,5.062772759670653,-0.014037744250872342,51.399491094147585,0.0,0.02184908660174364,-0.02184908660174364,success
VLO,1.7057250226813432,2.3080993781893877,0.0002754934231964379,52.42018537590113,0.1179718939759876,-0.5367611813030708,0.6547330752790584,success
VMC,1.2048722076385694,1.6432704686998134,-0.011775684472388415,52.21421215242018,0.055249451400221694,0.1969110654911903,-0.1416616140909686,success
VRDN,,,,,,,,skipped_volatile
VRSK,0.9701722698383994,1.4837031721371363,0.002639853826998606,50.91210613598673,0.06363733594117649,-0.039487184214946486,0.10312452015612297,success
VRTX,1.2556144571897832,1.8518839272249215,-0.0004582010312101925,52.832131822863026,0.20142913042215596,-0.060994844124019294,0.2624239745461753,success
VTR,1.1622607917339771,1.5847740522922598,-0.00891212391667362,48.81565396498455,0.3240773942038383,0.03726709384094472,0.28681030036289357,success
VZ,1.0016305421371534,1.4532894934566398,-0.006489878109738667,50.360453141091654,0.020521793082154096,0.0362755768986202,-0.015753783816466107,success
W,3.2111833070645295,4.5809752645317525,-0.00015948757695882776,50.36144578313253,0.19832534346662972,0.1697169929722588,0.02860835049437091,success
WBD,2.2967711168787717,3.372864738269785,0.0013859864744144579,51.439790575916234,0.283726424413792,0.04639019184036533,0.23733623257342665,success
WDAY,1.5249294109650968,2.281225993039383,-0.014908161030191547,49.079754601226995,-0.12232196166918259,-0.11311248862127135,-0.00920947304791124,success
WEC,0.9290419547515025,1.2208621765172345,-0.010651923098480065,48.19773429454171,0.02251386384447718,0.10018905726038166,-0.07767519341590448,success
WELL,1.1239720414879757,1.4873350189828323,-0.020283035118108916,46.03501544799176,0.7774648546145069,0.0995448542966668,0.67792000031784,success
WHR,1.769529708509613,2.5566198551664474,-0.004943055293957999,48.71266735324408,-0.05074506345768966,0.5056914534761344,-0.5564365169338241,success
WM,0.8352268174912623,1.1798711028627336,-0.0012275572509554689,53.55303810504635,0.05659070008672318,0.0,0.05659070008672318,success
WMB,1.1555433889058335,1.5281096897622435,-0.015307539009496551,46.96189495365603,0.219065616513307,0.09327706595647135,0.12578855055683563,success
WMT,0.9414214460989008,1.4014334326795623,-0.0023491095352536906,52.832131822863026,0.21436021433207916,0.008420490724413377,0.2059397236076658,success
WRB,1.0478406528494972,1.456357130194923,-0.005786012019848963,53.86199794026777,0.06174067117818203,1.269748912740091,-1.208008241561909,success
XEL,0.9885599592363381,1.3474040338099793,-0.010151969359137203,46.44696189495365,-0.19429012622612368,0.06572056808029478,-0.26001069430641843,success
XOM,1.2297901363711707,1.625451986205281,0.0006733616734798664,52.72914521112255,0.08515952932185288,0.08825690376720702,-0.0030973744453541424,success
XPEV,,,,,,,,skipped_volatile
XPO,2.0903411340604325,2.9753505618301643,-0.003443715946674253,51.80722891566265,0.31231308874536906,-0.18612168827101927,0.49843477701638833,success
YUM,0.9394389458613355,1.2797880124578065,-0.004980784782574688,50.56642636457261,0.0920128013052048,0.03186936139456173,0.06014343991064307,success
ZBH,1.0893150258468711,1.5852840192221649,0.0005009560431904481,49.780701754385966,0.023756757080630443,-0.18197202302571833,0.20572878010634876,success
ZION,1.9154122212701783,2.839638443417554,-0.0018607764210285538,50.15447991761071,0.04002719068641525,0.05790511684463656,-0.017877926158221313,success
ZM,1.5092132545471397,2.3095105000278187,-0.001483893611449183,48.971193415637856,0.001795890461872254,0.045158069012098644,-0.043362178550226387,success
ZS,1.9928525730460143,2.9099857049394955,-0.0686815625334869,47.53521126760563,-0.3211497886847538,0.016602425362664958,-0.33775221404741873,success
ZTS,1.1803108601002876,1.7094628442088966,-0.01764946346931051,47.48953974895397,-0.10317062228326851,0.1296800283702568,-0.2328506506535253,success
